French,English
partie,part
seulement,only
police,police
pensais,thought
aide,help
genre,kind
mois,month
frère,brother
laisser,let
car,because
mettre,to put
aucun,no
laisse,leash
eux,them
ville,city
chaque,each
parlé,speak
arrivé,come
devrait,should
bébé,baby
longtemps,long time
vont,will
pendant,while
revoir,meet again
aucune,any
place,square
parle,speak
compris,understood
savais,knew
étaient,were
attention,Warning
voici,here is
affaire,case
donner,give
type,type
leurs,their
donné,given
train,train
corps,body
endroit,place
yeux,eyes
façon,way
écoute,listen
dont,whose
premier,first
perdu,lost
main,hand
côté,side
pouvoir,power
vieux,old
sois,be
matin,morning
enfant,child
point,point
venu,came
suite,after
pardon,sorry
venez,come
devant,in front of
vers,towards
minutes,minutes
chambre,bedroom
mis,placed
belle,beautiful
droit,law
aujourd'hui,today
mari,husband
cause,cause
enfin,finally
eau,water
attendez,Wait
parti,left
nouvelle,new
boulot,job
arrêter,Stop
dirait,would say
terre,Earth
compte,account
donne,given
loin,far
fin,end
croire,believe
chérie,sweetheart
gros,large
plutôt,rather
aura,will have
filles,girls
jouer,to play
bureau,office
