Cafe Name,Location,Open,Close,Coffee,Wifi,Power
Lighthaus,https://goo.gl/maps/2EvhB4oq4gyUXKXx9,11AM, 3:30PM,☕☕☕☕️,💪💪,🔌🔌🔌
Esters,https://goo.gl/maps/13Tjc36HuPWLELaSA,8AM,3PM,☕☕☕☕,💪💪💪,🔌
Ginger & White,https://goo.gl/maps/DqMx2g5LiAqv3pJQ9,7:30AM,5:30PM,☕☕☕,✘,🔌
Mare Street Market,https://goo.gl/maps/ALR8iBiNN6tVfuAA8,8AM,1PM,☕☕,💪💪💪,🔌🔌🔌
Protech,"https://www.google.com/maps/place/Runda,+Nairobi/@-1.2138366,36.7976622,14z/data=!3m1!4b1!4m6!3m5!1s0x182f17cf7af4e5a3:0x46ae070c58675d4b!8m2!3d-1.2155659!4d36.8150437!16zL20vMGNxNTVz?entry=ttu",9AM,17:45PM,✘,✘,✘
Midet Cafe,"https://www.google.com/maps/place/Goderich,+Sierra+Leone/@8.4275819,-13.2960837,15z/data=!3m1!4b1!4m15!1m8!3m7!1s0xf04c256b3e60633:0x97b7c8c8af013c1e!2sFreetown,+Sierra+Leone!3b1!8m2!3d8.4870803!4d-13.2354918!16zL20vMGZuY18!3m5!1s0xf04c4b36149dbeb:0xbab4cc04701155c0!8m2!3d8.427561!4d-13.285784!16s%2Fm%2F03czgx7?entry=ttu",8AM,21:30PM,⭐️⭐️⭐️⭐,⭐️⭐️⭐️⭐️⭐️,⭐️⭐️⭐️⭐️⭐️
Eminent Cafe,"https://www.google.com/maps/place/Hotel+5+-+10/@8.4738011,-13.2074303,15z/data=!4m15!1m8!3m7!1s0xf04c28b34dbaf4f:0x5b9f4044a3565868!2sKissy,+Freetown,+Sierra+Leone!3b1!8m2!3d8.4712279!4d-13.1870122!16s%2Fm%2F026cxmh!3m5!1s0xf04c2888e894a61:0x45758bb199a1586!8m2!3d8.4747831!4d-13.1865894!16s%2Fg%2F11bzyy2htz?entry=ttu",8:30AM,21:00PM,⭐️⭐️⭐️⭐,⭐️⭐️⭐️⭐️⭐️,⭐️⭐️
