{
    "Amazon": {
        "date": "Mon 21 Aug 2023 05:01:20",
        "username": "adabor@usiu.ac.ke",
        "password": "NNEYHFp7($t41$"
    },
    "Aws": {
        "date": "Mon 21 Aug 2023 05:01:45",
        "username": "adabor@usiu.ac.ke",
        "password": "51a3S)5+QsRz!Xj"
    },
    "Google": {
        "date": "Mon 21 Aug 2023 05:01:55",
        "username": "adabor@usiu.ac.ke",
        "password": "Zf3(T7Y*3+mJN)zXq"
    },
    "Gmail": {
        "date": "Mon 21 Aug 2023 05:02:03",
        "username": "adabor@usiu.ac.ke",
        "password": "%Q1aQ&tipg&C9Q9W1"
    },
    "Facebook": {
        "date": "Mon 21 Aug 2023 05:02:17",
        "username": "adabor@usiu.ac.ke",
        "password": "A&!RIQn2OhE173RL"
    },
    "Github": {
        "date": "Mon 21 Aug 2023 05:02:26",
        "username": "adabor@usiu.ac.ke",
        "password": "yTG9*aC!G*wm5LQ"
    },
    "Dockerhub": {
        "date": "Mon 21 Aug 2023 05:02:43",
        "username": "adabor@usiu.ac.ke",
        "password": "Hh$%8SPF#&7gHMP"
    }
}