StudentID,Name,Age,Gender,Program,GPA,StudyHours,SleepHours,ExerciseHours,SocialMediaHours,MoodLevel,StressLevel,AttendanceRate (%),LetterGrade,SleepScore,ExerciseScore,MoodScore,StressScore,SocialMediaScore,StudyScore,WellbeingScore
1001,Robert,24,M,Applications,2.73,10.0,6.0,6.0,5,10,6,92.8,C+,0.6666666666666666,0.8571428571428571,1.0,0.4,0.375,0.5,67.22619047619048
1003,Charles,28,M,Applications,2.89,1.0,9.0,0.0,5,9,9,81.3,B-,1.0,0.0,0.9,0.09999999999999998,0.375,0.05,44.25
1004,Robert,25,M,Applications,3.19,14.0,9.0,5.0,6,10,7,77.95,B,1.0,0.7142857142857143,1.0,0.30000000000000004,0.25,0.7,69.78571428571429
1005,Joseph,24,,Data Science,2.28,13.0,8.0,4.0,1,5,1,80.975,C-,0.8888888888888888,0.5714285714285714,0.5,0.9,0.875,0.65,72.45634920634923
1006,Emily,28,F,Applications,3.17,19.0,6.0,3.0,5,7,7,75.97,B,0.6666666666666666,0.42857142857142855,0.7,0.30000000000000004,0.375,0.95,55.154761904761905
1007,Susan,28,F,Networking,2.57,21.0,5.0,2.0,2,2,5,80.975,C,0.5555555555555556,0.2857142857142857,0.2,0.5,0.75,1.05,48.82539682539683
1008,Joseph,21,M,Networking,3.54,10.0,7.0,3.0,4,9,5,92.32,A-,0.7777777777777778,0.42857142857142855,0.9,0.5,0.5,0.5,62.12698412698414
1009,Robert,25,M,Data Science,2.6,2.0,6.0,6.0,5,9,2,68.64,C+,0.6666666666666666,0.8571428571428571,0.9,0.8,0.375,0.1,69.22619047619048
1010,John,20,M,Applications,2.61,16.0,4.0,2.0,5,4,4,78.66,C+,0.4444444444444444,0.2857142857142857,0.4,0.6,0.375,0.8,46.3531746031746
1011,Sarah,19,F,Applications,3.27,12.0,8.0,1.0,6,4,6,92.67,B+,0.8888888888888888,0.14285714285714285,0.4,0.4,0.25,0.6,45.13492063492064
1012,Michael,29,M,Applications,3.01,23.0,4.0,0.0,4,6,10,62.7,B,0.4444444444444444,0.0,0.6,0.0,0.5,1.15,37.388888888888886
1013,Alice,23,F,Artificial Intelligence,4.0,20.0,3.0,5.0,1,10,7,75.5,A,0.3333333333333333,0.7142857142857143,1.0,0.30000000000000004,0.875,1.0,65.70238095238096
1014,Robert,19,M,Cybersecurity,2.02,14.0,9.0,4.0,6,10,5,94.07,D+,1.0,0.5714285714285714,1.0,0.5,0.25,0.7,70.92857142857142
1015,Elizabeth,18,,Artificial Intelligence,3.07,15.0,7.0,4.0,1,10,9,76.16,B,0.7777777777777778,0.5714285714285714,1.0,0.09999999999999998,0.875,0.75,65.23412698412699
1016,Alice,29,F,Cybersecurity,3.68,4.0,6.0,0.0,7,6,3,63.1,A,0.6666666666666666,0.0,0.6,0.7,0.125,0.2,42.583333333333336
1017,Karen,29,F,Applications,2.65,19.0,4.0,5.0,6,1,1,81.7,C+,0.4444444444444444,0.7142857142857143,0.1,0.9,0.25,0.95,55.17460317460318
1018,Joseph,34,M,Applications,2.45,12.0,7.0,0.0,4,9,4,94.47,C,0.7777777777777778,0.0,0.9,0.6,0.5,0.6,56.55555555555556
1019,Michael,27,M,Artificial Intelligence,2.48,18.0,3.0,1.0,0,2,9,83.61,C,0.3333333333333333,0.14285714285714285,0.2,0.09999999999999998,1.0,0.9,34.523809523809526
1020,Susan,33,F,Artificial Intelligence,2.03,24.0,6.0,2.0,4,5,4,69.05,D+,0.6666666666666666,0.2857142857142857,0.5,0.6,0.5,1.2,58.04761904761904
1021,Charles,32,M,Cybersecurity,3.81,12.0,5.0,6.0,4,9,2,75.37,A,0.5555555555555556,0.8571428571428571,0.9,0.8,0.5,0.6,73.25396825396825
1022,Joseph,32,M,Networking,2.8,2.0,8.0,4.0,1,4,10,78.0,B-,0.8888888888888888,0.5714285714285714,0.4,0.0,0.875,0.1,46.956349206349216
1023,Patricia,29,,Cybersecurity,2.73,12.0,7.0,1.0,1,3,5,83.17,C+,0.7777777777777778,0.14285714285714285,0.3,0.5,0.875,0.6,49.16269841269842
1024,Alice,20,F,Artificial Intelligence,1.73,5.0,7.0,2.0,4,7,3,90.37,D-,0.7777777777777778,0.2857142857142857,0.7,0.7,0.5,0.25,56.76984126984127
1025,Robert,22,M,Artificial Intelligence,2.14,14.0,5.0,1.0,4,6,9,63.95,D+,0.5555555555555556,0.14285714285714285,0.6,0.09999999999999998,0.5,0.7,39.96825396825397
1026,Joseph,24,M,Data Science,3.88,1.0,7.0,5.0,4,8,4,95.59,A,0.7777777777777778,0.7142857142857143,0.8,0.6,0.5,0.05,63.341269841269856
1027,Joseph,26,M,Artificial Intelligence,3.18,2.0,3.0,4.0,1,3,6,60.49,B,0.3333333333333333,0.5714285714285714,0.3,0.4,0.875,0.1,41.8452380952381
1028,Jennifer,24,F,Data Science,3.7,16.0,3.0,6.0,4,5,2,74.8,A,0.3333333333333333,0.8571428571428571,0.5,0.8,0.5,0.8,62.809523809523824
1029,William,35,M,Networking,3.62,24.0,5.0,0.0,4,10,6,80.975,A,0.5555555555555556,0.0,1.0,0.4,0.5,1.2,56.111111111111114
1030,Robert,21,M,Cybersecurity,2.4,23.0,8.0,0.0,7,4,3,75.72,C,0.8888888888888888,0.0,0.4,0.7,0.125,1.15,52.52777777777777
1032,Daniel,35,M,Data Science,4.0,17.0,4.0,6.0,0,4,2,80.47,A,0.4444444444444444,0.8571428571428571,0.4,0.8,1.0,0.85,68.53174603174604
1033,Mary,26,F,Cybersecurity,2.66,14.0,6.0,3.0,2,10,9,66.63,C+,0.6666666666666666,0.42857142857142855,1.0,0.09999999999999998,0.75,0.7,58.404761904761905
1034,Robert,19,M,Artificial Intelligence,0.86,11.0,7.0,3.0,0,8,5,80.975,F,0.7777777777777778,0.42857142857142855,0.8,0.5,1.0,0.55,65.62698412698413
1035,William,32,,Applications,2.79,15.0,4.0,2.0,3,6,8,61.79,C+,0.4444444444444444,0.2857142857142857,0.6,0.19999999999999996,0.625,0.75,44.35317460317461
1036,Robert,24,M,Data Science,3.14,7.0,5.0,3.0,2,3,2,90.48,B,0.5555555555555556,0.42857142857142855,0.3,0.8,0.75,0.35,52.682539682539684
1037,Michael,29,M,Cybersecurity,2.66,12.0,5.0,1.0,6,10,6,97.87,C+,0.5555555555555556,0.14285714285714285,1.0,0.4,0.25,0.6,50.468253968253975
1038,Charles,25,M,Data Science,2.87,24.0,8.0,5.0,4,5,3,73.59,B-,0.8888888888888888,0.7142857142857143,0.5,0.7,0.5,1.2,73.06349206349208
1039,David,32,M,Data Science,2.5,16.0,4.0,1.0,3,6,10,80.69,C,0.4444444444444444,0.14285714285714285,0.6,0.0,0.625,0.8,37.99603174603175
1040,Daniel,20,,Applications,3.55,20.0,3.0,6.0,7,5,5,75.16,A-,0.3333333333333333,0.8571428571428571,0.5,0.5,0.125,1.0,55.05952380952381
1041,Patricia,31,F,Artificial Intelligence,3.04,7.0,4.0,4.0,6,6,8,60.27,B,0.4444444444444444,0.5714285714285714,0.6,0.19999999999999996,0.25,0.35,42.317460317460316
1042,Susan,34,F,Data Science,3.57,12.0,7.0,5.0,4,8,10,75.43,A-,0.7777777777777778,0.7142857142857143,0.8,0.0,0.5,0.6,56.84126984126985
1043,Sarah,21,F,Cybersecurity,3.73,13.0,3.0,3.0,1,7,1,91.67,A,0.3333333333333333,0.42857142857142855,0.7,0.9,0.875,0.65,62.48809523809524
1044,Brian,35,M,Networking,1.7,17.0,9.0,4.0,5,5,5,83.84,D-,1.0,0.5714285714285714,0.5,0.5,0.375,0.85,63.678571428571416
1045,Karen,25,F,Data Science,2.54,19.0,9.0,0.0,3,10,3,64.05,C,1.0,0.0,1.0,0.7,0.625,0.95,69.75
1046,David,21,M,Data Science,2.63,6.0,9.0,3.0,1,6,4,93.89,C+,1.0,0.42857142857142855,0.6,0.6,0.875,0.3,64.32142857142857
1047,Susan,19,F,Applications,4.0,2.0,5.0,2.0,3,4,2,81.24,A,0.5555555555555556,0.2857142857142857,0.4,0.8,0.625,0.1,48.07539682539683
1048,James,23,M,Artificial Intelligence,3.09,11.0,4.0,0.0,7,9,9,93.67,B,0.4444444444444444,0.0,0.9,0.09999999999999998,0.125,0.55,35.63888888888889
1049,John,27,M,Networking,3.49,20.0,9.0,0.0,3,4,3,83.21,A-,1.0,0.0,0.4,0.7,0.625,1.0,58.25
1050,James,21,M,Cybersecurity,1.87,23.0,6.0,2.0,1,1,2,82.39,D,0.6666666666666666,0.2857142857142857,0.1,0.8,0.875,1.15,57.29761904761905
1051,David,35,M,Networking,3.09,2.0,6.0,5.0,7,7,10,80.975,B,0.6666666666666666,0.7142857142857143,0.7,0.0,0.125,0.1,43.86904761904763
1052,John,29,M,Cybersecurity,3.59,19.0,6.0,0.0,2,7,9,66.69,A-,0.6666666666666666,0.0,0.7,0.09999999999999998,0.75,0.95,46.333333333333336
1053,Charles,19,M,Artificial Intelligence,3.52,13.0,9.0,6.0,0,4,7,98.88,A-,1.0,0.8571428571428571,0.4,0.30000000000000004,1.0,0.65,67.64285714285714
1054,Susan,27,,Cybersecurity,3.37,14.0,8.0,3.0,4,3,6,69.14,B+,0.8888888888888888,0.42857142857142855,0.3,0.4,0.5,0.7,52.34920634920635
1055,John,21,M,Applications,3.01,24.0,7.0,4.0,3,8,1,99.1,B,0.7777777777777778,0.5714285714285714,0.8,0.9,0.625,1.2,79.23412698412699
1056,Joseph,31,M,Applications,3.04,13.0,6.0,0.0,4,5,5,81.28,B,0.6666666666666666,0.0,0.5,0.5,0.5,0.65,44.833333333333336
1057,Patricia,33,F,Applications,1.98,6.0,4.0,3.0,5,10,3,65.43,D,0.4444444444444444,0.42857142857142855,1.0,0.7,0.375,0.3,58.21031746031746
1059,James,25,M,Networking,3.14,11.0,6.0,3.0,4,4,4,68.35,B,0.6666666666666666,0.42857142857142855,0.4,0.6,0.5,0.55,52.40476190476191
1060,Mary,31,F,Artificial Intelligence,2.57,19.0,9.0,4.0,1,4,2,97.03,C,1.0,0.5714285714285714,0.4,0.8,0.875,0.95,73.67857142857143
1061,Emily,25,F,Cybersecurity,3.41,3.0,4.0,3.0,4,8,2,76.57,A-,0.4444444444444444,0.42857142857142855,0.8,0.8,0.5,0.15,55.96031746031747
1062,Robert,33,M,Cybersecurity,3.28,8.0,7.0,2.0,0,8,3,75.82,B+,0.7777777777777778,0.2857142857142857,0.8,0.7,1.0,0.4,65.26984126984128
1064,Karen,35,F,Applications,3.57,15.0,9.0,5.0,7,2,8,65.88,A-,1.0,0.7142857142857143,0.2,0.19999999999999996,0.125,0.75,51.03571428571429
1065,James,32,M,Data Science,3.14,24.0,7.0,1.0,0,3,7,79.51,B,0.7777777777777778,0.14285714285714285,0.3,0.30000000000000004,1.0,1.2,52.41269841269841
1066,Charles,30,M,Artificial Intelligence,3.45,21.0,8.0,2.0,7,3,6,65.2,A-,0.8888888888888888,0.2857142857142857,0.3,0.4,0.125,1.05,49.242063492063494
1067,Jennifer,26,,Networking,3.6,21.0,7.0,5.0,0,1,9,80.975,A,0.7777777777777778,0.7142857142857143,0.1,0.09999999999999998,1.0,1.05,54.34126984126985
1068,Karen,32,F,Cybersecurity,2.7,20.0,9.0,3.0,0,3,4,74.82,C+,1.0,0.42857142857142855,0.3,0.6,1.0,1.0,66.57142857142857
1070,Patricia,18,F,Data Science,2.94,1.0,9.0,1.0,1,8,8,78.96,B-,1.0,0.14285714285714285,0.8,0.19999999999999996,0.875,0.05,52.10714285714286
1071,Susan,24,F,Cybersecurity,2.71,12.0,4.0,2.0,3,10,7,77.77,C+,0.4444444444444444,0.2857142857142857,1.0,0.30000000000000004,0.625,0.6,52.8531746031746
1072,Alice,26,,Networking,3.61,7.0,3.0,5.0,7,6,7,99.79,A,0.3333333333333333,0.7142857142857143,0.6,0.30000000000000004,0.125,0.35,43.702380952380956
1074,Susan,29,F,Data Science,3.75,12.0,9.0,1.0,0,4,4,80.975,A,1.0,0.14285714285714285,0.4,0.6,1.0,0.6,58.857142857142854
1075,Karen,25,F,Artificial Intelligence,2.78,16.0,4.0,6.0,1,3,10,84.28,C+,0.4444444444444444,0.8571428571428571,0.3,0.0,0.875,0.8,48.78174603174604
1076,Jennifer,28,F,Networking,3.28,7.0,5.0,3.0,1,4,9,66.06,B+,0.5555555555555556,0.42857142857142855,0.4,0.09999999999999998,0.875,0.35,41.93253968253969
1077,Linda,34,F,Data Science,3.1,12.0,4.0,1.0,1,7,6,61.24,B,0.4444444444444444,0.14285714285714285,0.7,0.4,0.875,0.6,48.49603174603175
1078,Linda,25,F,Networking,2.41,17.0,8.0,5.0,7,1,5,98.83,C,0.8888888888888888,0.7142857142857143,0.1,0.5,0.125,0.85,53.81349206349208
1079,Michael,20,M,Cybersecurity,2.99,17.0,4.0,0.0,3,7,3,90.94,B-,0.4444444444444444,0.0,0.7,0.7,0.625,0.85,51.63888888888888
1080,Susan,20,F,Applications,3.2,13.0,4.0,2.0,7,1,9,99.2,B+,0.4444444444444444,0.2857142857142857,0.1,0.09999999999999998,0.125,0.65,26.3531746031746
1081,Sarah,18,F,Data Science,2.96,14.0,3.0,1.0,4,2,5,79.12,B-,0.3333333333333333,0.14285714285714285,0.2,0.5,0.5,0.7,35.523809523809526
1082,Karen,22,F,Artificial Intelligence,2.19,5.0,4.0,6.0,3,4,5,81.29,D+,0.4444444444444444,0.8571428571428571,0.4,0.5,0.625,0.25,52.78174603174604
1083,Patricia,27,F,Cybersecurity,4.0,10.0,9.0,5.0,2,1,4,66.73,A,1.0,0.7142857142857143,0.1,0.6,0.75,0.5,60.785714285714285
1084,Emily,24,F,Networking,3.05,12.0,3.0,3.0,6,9,4,69.88,B,0.3333333333333333,0.42857142857142855,0.9,0.6,0.25,0.6,53.738095238095255
1086,James,24,M,Data Science,3.97,0.0,5.0,3.0,7,1,7,74.25,A,0.5555555555555556,0.42857142857142855,0.1,0.30000000000000004,0.125,0.0,28.932539682539687
1087,Michael,26,M,Networking,3.37,5.0,3.0,1.0,2,1,9,93.07,B+,0.3333333333333333,0.14285714285714285,0.1,0.09999999999999998,0.75,0.25,23.523809523809526
1088,James,25,M,Applications,2.28,8.0,8.0,3.0,5,6,3,80.975,C-,0.8888888888888888,0.42857142857142855,0.6,0.7,0.375,0.4,60.09920634920635
1089,Joseph,29,M,Cybersecurity,2.37,7.0,6.0,4.0,7,4,2,67.09,C-,0.6666666666666666,0.5714285714285714,0.4,0.8,0.125,0.35,53.51190476190477
1090,Mary,19,F,Data Science,2.87,10.0,6.0,4.0,0,4,3,80.3,B-,0.6666666666666666,0.5714285714285714,0.4,0.7,1.0,0.5,61.76190476190476
1091,David,18,M,Artificial Intelligence,3.18,21.0,3.0,4.0,6,6,1,80.975,B,0.3333333333333333,0.5714285714285714,0.6,0.9,0.25,1.05,61.0952380952381
1092,Sarah,33,F,Networking,3.37,12.0,5.0,6.0,0,7,6,80.975,B+,0.5555555555555556,0.8571428571428571,0.7,0.4,1.0,0.6,66.25396825396825
1093,James,22,M,Cybersecurity,3.57,23.0,9.0,6.0,3,9,7,93.23,A-,1.0,0.8571428571428571,0.9,0.30000000000000004,0.625,1.15,78.89285714285715
1094,Alice,20,F,Cybersecurity,3.32,8.0,8.0,0.0,6,10,2,81.79,B+,0.8888888888888888,0.0,1.0,0.8,0.25,0.4,60.277777777777786
1095,Brian,29,M,Applications,3.81,16.0,7.0,6.0,7,5,8,66.61,A,0.7777777777777778,0.8571428571428571,0.5,0.19999999999999996,0.125,0.8,55.94841269841271
1096,James,25,M,Applications,3.08,11.0,7.0,1.0,4,9,6,83.32,B,0.7777777777777778,0.14285714285714285,0.9,0.4,0.5,0.55,54.912698412698425
1098,Elizabeth,18,F,Artificial Intelligence,3.0,12.0,4.0,5.0,4,10,5,66.02,B,0.4444444444444444,0.7142857142857143,1.0,0.5,0.5,0.6,64.17460317460318
1099,John,20,M,Data Science,2.96,12.0,8.0,0.0,7,2,8,92.67,B-,0.8888888888888888,0.0,0.2,0.19999999999999996,0.125,0.6,33.02777777777778
1100,Emily,22,,Data Science,1.45,15.0,6.0,6.0,3,3,3,68.29,F,0.6666666666666666,0.8571428571428571,0.3,0.7,0.625,0.75,64.22619047619047
1101,Michael,32,M,Artificial Intelligence,2.66,21.0,6.0,3.0,0,1,3,91.3,C+,0.6666666666666666,0.42857142857142855,0.1,0.7,1.0,1.05,58.404761904761905
1102,David,31,M,Artificial Intelligence,3.19,21.0,4.0,0.0,6,6,4,89.38,B,0.4444444444444444,0.0,0.6,0.6,0.25,1.05,45.88888888888889
1103,Robert,20,,Networking,2.75,19.0,6.0,3.0,4,6,1,72.02,C+,0.6666666666666666,0.42857142857142855,0.6,0.9,0.5,0.95,66.40476190476191
1104,Alice,18,F,Applications,2.61,0.0,9.0,3.0,7,1,9,73.03,C+,1.0,0.42857142857142855,0.1,0.09999999999999998,0.125,0.0,33.82142857142858
1105,Joseph,22,M,Data Science,3.55,9.0,3.0,2.0,4,3,8,91.7,A-,0.3333333333333333,0.2857142857142857,0.3,0.19999999999999996,0.5,0.45,31.880952380952376
1106,Alice,31,F,Applications,2.45,7.0,3.0,5.0,7,5,8,78.46,C,0.3333333333333333,0.7142857142857143,0.5,0.19999999999999996,0.125,0.35,39.70238095238095
1107,Sarah,24,F,Applications,3.43,17.0,3.0,4.0,0,3,10,89.23,A-,0.3333333333333333,0.5714285714285714,0.3,0.0,1.0,0.85,42.595238095238095
1108,Susan,26,F,Artificial Intelligence,2.2,0.0,3.0,6.0,6,10,6,65.92,C-,0.3333333333333333,0.8571428571428571,1.0,0.4,0.25,0.0,54.30952380952382
1109,James,32,M,Networking,4.0,1.0,7.0,3.0,2,3,7,94.1,A,0.7777777777777778,0.42857142857142855,0.3,0.30000000000000004,0.75,0.05,44.12698412698413
1110,Michael,32,M,Cybersecurity,2.87,0.0,3.0,2.0,0,10,6,88.44,B-,0.3333333333333333,0.2857142857142857,1.0,0.4,1.0,0.0,50.38095238095238
1111,Susan,27,F,Networking,2.81,0.0,7.0,3.0,4,3,9,96.28,B-,0.7777777777777778,0.42857142857142855,0.3,0.09999999999999998,0.5,0.0,37.12698412698413
1113,Sarah,24,F,Applications,2.75,12.0,9.0,3.0,7,5,3,83.72,C+,1.0,0.42857142857142855,0.5,0.7,0.125,0.6,59.821428571428555
1114,Brian,34,M,Networking,3.87,0.0,3.0,3.0,2,4,3,83.96,A,0.3333333333333333,0.42857142857142855,0.4,0.7,0.75,0.0,44.73809523809524
1116,Linda,22,F,Applications,2.93,19.0,6.0,0.0,0,5,3,78.34,B-,0.6666666666666666,0.0,0.5,0.7,1.0,0.95,56.83333333333332
1117,Daniel,24,M,Data Science,2.86,12.0,4.0,5.0,4,10,9,61.52,B-,0.4444444444444444,0.7142857142857143,1.0,0.09999999999999998,0.5,0.6,56.17460317460319
1118,Michael,30,M,Cybersecurity,3.72,6.0,7.0,4.0,3,5,4,89.83,A,0.7777777777777778,0.5714285714285714,0.5,0.6,0.625,0.3,58.23412698412699
1119,Susan,32,F,Applications,3.14,1.0,6.0,3.0,4,4,7,81.97,B,0.6666666666666666,0.42857142857142855,0.4,0.30000000000000004,0.5,0.05,41.404761904761905
1120,Susan,28,F,Cybersecurity,3.26,5.0,8.0,5.0,7,6,9,62.31,B+,0.8888888888888888,0.7142857142857143,0.6,0.09999999999999998,0.125,0.25,49.81349206349207
1121,James,21,M,Applications,3.32,6.0,6.0,3.0,1,10,7,80.975,B+,0.6666666666666666,0.42857142857142855,1.0,0.30000000000000004,0.875,0.3,59.65476190476191
1122,Daniel,30,M,Artificial Intelligence,3.08,13.0,8.0,1.0,6,4,9,78.67,B,0.8888888888888888,0.14285714285714285,0.4,0.09999999999999998,0.25,0.65,39.63492063492064
1123,Brian,24,M,Networking,3.31,17.0,5.0,6.0,5,7,3,61.38,B+,0.5555555555555556,0.8571428571428571,0.7,0.7,0.375,0.85,68.50396825396825
1124,Brian,19,M,Artificial Intelligence,2.93,14.0,8.0,0.0,3,7,4,98.78,B-,0.8888888888888888,0.0,0.7,0.6,0.625,0.7,57.02777777777778
1125,William,27,,Cybersecurity,2.97,12.0,4.0,4.0,2,2,8,97.96,B-,0.4444444444444444,0.5714285714285714,0.2,0.19999999999999996,0.75,0.6,41.817460317460316
1126,Linda,30,F,Networking,2.33,9.0,4.0,3.0,3,3,6,80.52,C-,0.4444444444444444,0.42857142857142855,0.3,0.4,0.625,0.45,42.21031746031746
1127,David,23,M,Applications,3.18,22.0,7.0,5.0,6,1,5,63.75,B,0.7777777777777778,0.7142857142857143,0.1,0.5,0.25,1.1,55.34126984126985
1128,Daniel,29,,Networking,1.97,11.0,6.0,3.0,2,8,4,90.18,D,0.6666666666666666,0.42857142857142855,0.8,0.6,0.75,0.55,62.90476190476192
1129,Susan,29,F,Data Science,3.17,16.0,9.0,1.0,6,9,8,79.68,B,1.0,0.14285714285714285,0.9,0.19999999999999996,0.25,0.8,55.35714285714286
1130,Linda,28,F,Networking,2.83,12.0,5.0,4.0,2,4,1,72.1,B-,0.5555555555555556,0.5714285714285714,0.4,0.9,0.75,0.6,62.03968253968255
1132,Brian,18,M,Networking,2.37,2.0,5.0,3.0,2,9,1,80.9,C-,0.5555555555555556,0.42857142857142855,0.9,0.9,0.75,0.1,64.18253968253968
1133,Charles,18,M,Data Science,1.73,12.0,3.0,0.0,2,6,8,82.51,D-,0.3333333333333333,0.0,0.6,0.19999999999999996,0.75,0.6,36.166666666666664
1134,Karen,30,F,Cybersecurity,2.79,8.0,8.0,6.0,1,9,4,77.65,C+,0.8888888888888888,0.8571428571428571,0.9,0.6,0.875,0.4,77.67063492063492
1135,Linda,26,F,Artificial Intelligence,2.37,5.0,8.0,1.0,4,4,9,84.23,C-,0.8888888888888888,0.14285714285714285,0.4,0.09999999999999998,0.5,0.25,38.13492063492064
1136,William,20,M,Applications,1.93,8.0,9.0,4.0,4,8,5,80.975,D,1.0,0.5714285714285714,0.8,0.5,0.5,0.4,66.42857142857143
1137,William,24,,Networking,3.46,6.0,3.0,1.0,5,9,3,74.49,A-,0.3333333333333333,0.14285714285714285,0.9,0.7,0.375,0.3,48.27380952380953
1138,Linda,23,F,Artificial Intelligence,3.96,8.0,7.0,0.0,5,4,9,89.03,A,0.7777777777777778,0.0,0.4,0.09999999999999998,0.375,0.4,33.305555555555564
1139,John,25,M,Applications,2.52,17.0,9.0,4.0,7,5,9,95.78,C,1.0,0.5714285714285714,0.5,0.09999999999999998,0.125,0.85,53.17857142857143
1140,Mary,26,,Applications,2.95,11.0,3.0,1.0,7,8,4,78.24,B-,0.3333333333333333,0.14285714285714285,0.8,0.6,0.125,0.55,44.273809523809526
1141,Daniel,22,,Data Science,2.82,7.0,6.0,3.0,7,10,4,77.74,B-,0.6666666666666666,0.42857142857142855,1.0,0.6,0.125,0.35,58.6547619047619
1142,Charles,18,,Cybersecurity,2.6,12.0,4.0,3.0,1,6,8,84.08,C+,0.4444444444444444,0.42857142857142855,0.6,0.19999999999999996,0.875,0.6,48.21031746031746
1143,Joseph,27,M,Cybersecurity,3.4,12.0,9.0,0.0,5,7,2,83.66,A-,1.0,0.0,0.7,0.8,0.375,0.6,59.74999999999999
1144,Jennifer,29,F,Artificial Intelligence,3.61,19.0,9.0,0.0,6,3,9,92.26,A,1.0,0.0,0.3,0.09999999999999998,0.25,0.95,40.0
1146,Susan,26,F,Networking,3.03,6.0,6.0,2.0,7,8,9,99.84,B,0.6666666666666666,0.2857142857142857,0.8,0.09999999999999998,0.125,0.3,41.29761904761905
1147,William,34,,Cybersecurity,3.77,10.0,6.0,3.0,3,10,8,62.38,A,0.6666666666666666,0.42857142857142855,1.0,0.19999999999999996,0.625,0.5,57.154761904761905
1149,Mary,29,F,Cybersecurity,3.5,15.0,6.0,6.0,6,10,1,85.61,A-,0.6666666666666666,0.8571428571428571,1.0,0.9,0.25,0.75,78.47619047619048
1150,Linda,24,F,Networking,3.82,3.0,3.0,1.0,7,9,3,71.94,A,0.3333333333333333,0.14285714285714285,0.9,0.7,0.125,0.15,44.27380952380953
1152,Michael,20,M,Artificial Intelligence,3.62,21.0,3.0,1.0,7,9,5,72.48,A,0.3333333333333333,0.14285714285714285,0.9,0.5,0.125,1.05,49.27380952380953
1153,Brian,34,M,Data Science,3.09,2.0,5.0,6.0,0,4,5,70.24,B,0.5555555555555556,0.8571428571428571,0.4,0.5,1.0,0.1,57.25396825396826
1155,Susan,34,F,Data Science,3.06,9.0,8.0,2.0,1,4,4,98.86,B,0.8888888888888888,0.2857142857142857,0.4,0.6,0.875,0.45,56.7420634920635
1156,Charles,34,M,Applications,2.68,13.0,4.0,5.0,6,2,5,68.83,C+,0.4444444444444444,0.7142857142857143,0.2,0.5,0.25,0.65,46.17460317460317
1157,Susan,34,F,Applications,1.83,10.0,5.0,2.0,1,10,3,89.36,D,0.5555555555555556,0.2857142857142857,1.0,0.7,0.875,0.5,64.57539682539684
1158,John,19,M,Data Science,2.83,17.0,5.0,6.0,2,9,1,90.5,B-,0.5555555555555556,0.8571428571428571,0.9,0.9,0.75,0.85,80.25396825396827
1159,Susan,19,F,Artificial Intelligence,3.21,21.0,8.0,5.0,0,5,5,97.17,B+,0.8888888888888888,0.7142857142857143,0.5,0.5,1.0,1.05,72.56349206349206
1160,Jennifer,22,F,Networking,2.65,11.0,8.0,3.0,3,4,9,61.22,C+,0.8888888888888888,0.42857142857142855,0.4,0.09999999999999998,0.625,0.55,48.099206349206355
1161,Susan,18,F,Networking,2.88,22.0,4.0,4.0,5,2,9,94.88,B-,0.4444444444444444,0.5714285714285714,0.2,0.09999999999999998,0.375,1.1,41.067460317460316
1162,Joseph,18,M,Cybersecurity,2.91,11.0,4.0,3.0,3,1,4,81.09,B-,0.4444444444444444,0.42857142857142855,0.1,0.6,0.625,0.55,43.21031746031746
1163,John,19,,Artificial Intelligence,3.81,12.0,8.0,1.0,5,7,3,85.3,A,0.8888888888888888,0.14285714285714285,0.7,0.7,0.375,0.6,58.384920634920626
1164,Emily,29,F,Applications,2.78,24.0,3.0,3.0,0,6,1,85.78,C+,0.3333333333333333,0.42857142857142855,0.6,0.9,1.0,1.2,67.23809523809524
1165,Brian,23,M,Data Science,3.81,12.0,5.0,6.0,0,2,2,92.79,A,0.5555555555555556,0.8571428571428571,0.2,0.8,1.0,0.6,64.25396825396825
1166,Alice,21,F,Cybersecurity,1.37,18.0,7.0,0.0,0,8,8,73.34,F,0.7777777777777778,0.0,0.8,0.19999999999999996,1.0,0.9,54.55555555555556
1167,Mary,28,F,Networking,3.81,18.0,4.0,1.0,1,4,1,89.32,A,0.4444444444444444,0.14285714285714285,0.4,0.9,0.875,0.9,55.49603174603175
1168,William,34,M,Applications,3.78,22.0,4.0,5.0,6,8,8,80.975,A,0.4444444444444444,0.7142857142857143,0.8,0.19999999999999996,0.25,1.1,56.67460317460318
1169,Jennifer,23,F,Applications,3.54,13.0,8.0,1.0,5,7,7,91.74,A-,0.8888888888888888,0.14285714285714285,0.7,0.30000000000000004,0.375,0.65,50.884920634920626
1170,Michael,22,M,Data Science,1.79,3.0,6.0,4.0,6,5,8,99.62,D-,0.6666666666666666,0.5714285714285714,0.5,0.19999999999999996,0.25,0.15,42.76190476190476
1171,Charles,19,M,Networking,3.61,12.0,7.0,2.0,1,10,6,68.03,A,0.7777777777777778,0.2857142857142857,1.0,0.4,0.875,0.6,64.01984126984127
1172,William,23,M,Artificial Intelligence,2.97,7.0,7.0,5.0,1,10,9,99.79,B-,0.7777777777777778,0.7142857142857143,1.0,0.09999999999999998,0.875,0.35,64.09126984126985
1173,Joseph,28,M,Applications,1.48,22.0,4.0,1.0,4,8,3,63.59,F,0.4444444444444444,0.14285714285714285,0.8,0.7,0.5,1.1,57.746031746031754
1174,Charles,33,M,Data Science,3.78,12.0,3.0,5.0,3,9,10,60.09,A,0.3333333333333333,0.7142857142857143,0.9,0.0,0.625,0.6,51.20238095238096
1175,Linda,33,F,Artificial Intelligence,3.87,22.0,6.0,5.0,3,5,4,61.77,A,0.6666666666666666,0.7142857142857143,0.5,0.6,0.625,1.1,66.86904761904762
1176,Alice,18,F,Networking,1.86,12.0,7.0,5.0,2,10,6,73.67,D,0.7777777777777778,0.7142857142857143,1.0,0.4,0.75,0.6,71.34126984126985
1177,Elizabeth,26,F,Applications,3.11,11.0,6.0,2.0,7,5,8,85.32,B,0.6666666666666666,0.2857142857142857,0.5,0.19999999999999996,0.125,0.55,39.797619047619044
1178,Susan,23,F,Artificial Intelligence,3.83,17.0,7.0,6.0,1,2,5,62.76,A,0.7777777777777778,0.8571428571428571,0.2,0.5,0.875,0.85,63.948412698412696
1179,Jennifer,33,F,Artificial Intelligence,3.74,5.0,9.0,3.0,5,5,3,80.975,A,1.0,0.42857142857142855,0.5,0.7,0.375,0.25,58.82142857142857
1180,Patricia,20,F,Artificial Intelligence,3.5,17.0,6.0,5.0,4,3,6,97.48,A-,0.6666666666666666,0.7142857142857143,0.3,0.4,0.5,0.85,55.11904761904762
1181,John,21,M,Applications,1.41,18.0,6.0,0.0,4,7,4,92.88,F,0.6666666666666666,0.0,0.7,0.6,0.5,0.9,53.333333333333336
1182,Daniel,20,M,Applications,3.44,21.0,9.0,3.0,7,10,9,92.37,A-,1.0,0.42857142857142855,1.0,0.09999999999999998,0.125,1.05,62.32142857142856
1183,Elizabeth,24,F,Cybersecurity,2.87,4.0,5.0,4.0,6,5,3,95.38,B-,0.5555555555555556,0.5714285714285714,0.5,0.7,0.25,0.2,51.03968253968254
1184,Brian,26,M,Networking,3.6,12.0,9.0,2.0,7,8,4,88.0,A,1.0,0.2857142857142857,0.8,0.6,0.125,0.6,60.964285714285715
1185,Sarah,18,F,Data Science,3.15,8.0,8.0,1.0,7,1,7,64.18,B,0.8888888888888888,0.14285714285714285,0.1,0.30000000000000004,0.125,0.4,33.88492063492063
1186,Charles,25,M,Artificial Intelligence,2.99,2.0,8.0,2.0,7,3,7,75.96,B-,0.8888888888888888,0.2857142857142857,0.3,0.30000000000000004,0.125,0.1,37.742063492063494
1187,Karen,24,F,Cybersecurity,3.38,9.0,4.0,1.0,3,3,4,88.93,B+,0.4444444444444444,0.14285714285714285,0.3,0.6,0.625,0.45,40.49603174603174
1188,Alice,35,,Data Science,2.9,18.0,6.0,2.0,1,9,6,71.21,B-,0.6666666666666666,0.2857142857142857,0.9,0.4,0.875,0.9,62.797619047619044
1189,Elizabeth,25,F,Cybersecurity,2.99,2.0,5.0,1.0,2,5,3,87.5,B-,0.5555555555555556,0.14285714285714285,0.5,0.7,0.75,0.1,46.46825396825397
1190,Daniel,18,M,Applications,2.67,21.0,5.0,5.0,1,9,6,60.98,C+,0.5555555555555556,0.7142857142857143,0.9,0.4,0.875,1.05,70.64682539682539
1191,Michael,28,M,Artificial Intelligence,2.04,14.0,7.0,3.0,6,9,2,72.25,D+,0.7777777777777778,0.42857142857142855,0.9,0.8,0.25,0.7,67.62698412698414
1192,David,35,,Data Science,3.34,0.0,7.0,1.0,0,1,8,81.97,B+,0.7777777777777778,0.14285714285714285,0.1,0.19999999999999996,1.0,0.0,34.41269841269842
1193,Brian,27,,Data Science,2.52,6.0,9.0,1.0,7,2,2,85.28,C,1.0,0.14285714285714285,0.2,0.8,0.125,0.3,47.10714285714286
1194,Brian,20,M,Data Science,2.88,11.0,5.0,0.0,1,5,7,83.08,B-,0.5555555555555556,0.0,0.5,0.30000000000000004,0.875,0.55,41.361111111111114
1195,Emily,24,F,Data Science,3.17,16.0,9.0,1.0,6,4,9,87.91,B,1.0,0.14285714285714285,0.4,0.09999999999999998,0.25,0.8,43.35714285714287
1196,David,33,M,Data Science,1.75,20.0,9.0,0.0,0,10,1,60.24,D-,1.0,0.0,1.0,0.9,1.0,1.0,78.0
1197,Robert,33,M,Cybersecurity,1.88,23.0,7.0,4.0,0,9,8,64.04,D,0.7777777777777778,0.5714285714285714,0.9,0.19999999999999996,1.0,1.15,70.48412698412699
1198,Daniel,34,M,Artificial Intelligence,2.82,19.0,6.0,5.0,7,7,7,94.76,B-,0.6666666666666666,0.7142857142857143,0.7,0.30000000000000004,0.125,0.95,58.36904761904762
1199,Brian,19,M,Applications,3.27,4.0,9.0,0.0,2,6,6,87.27,B+,1.0,0.0,0.6,0.4,0.75,0.2,49.50000000000001
1200,Emily,18,,Applications,3.45,3.0,3.0,3.0,5,7,6,64.52,A-,0.3333333333333333,0.42857142857142855,0.7,0.4,0.375,0.15,42.48809523809525
1201,Patricia,33,F,Applications,2.05,11.0,6.0,6.0,3,1,6,93.68,D+,0.6666666666666666,0.8571428571428571,0.1,0.4,0.625,0.55,52.22619047619048
1202,David,29,M,Applications,3.38,19.0,5.0,3.0,1,1,9,69.69,B+,0.5555555555555556,0.42857142857142855,0.1,0.09999999999999998,0.875,0.95,41.932539682539684
1203,Elizabeth,22,F,Cybersecurity,2.85,23.0,5.0,0.0,0,8,2,79.13,B-,0.5555555555555556,0.0,0.8,0.8,1.0,1.15,64.61111111111111
1204,Daniel,22,,Networking,2.47,17.0,9.0,5.0,1,2,1,65.81,C,1.0,0.7142857142857143,0.2,0.9,0.875,0.85,73.53571428571429
1205,Patricia,26,,Artificial Intelligence,2.61,16.0,6.0,5.0,5,10,6,88.4,C+,0.6666666666666666,0.7142857142857143,1.0,0.4,0.375,0.8,67.36904761904763
1206,James,26,M,Data Science,3.48,18.0,6.0,3.0,3,9,10,86.67,A-,0.6666666666666666,0.42857142857142855,0.9,0.0,0.625,0.9,55.154761904761905
1207,Charles,20,M,Networking,3.16,8.0,7.0,4.0,5,7,8,68.44,B,0.7777777777777778,0.5714285714285714,0.7,0.19999999999999996,0.375,0.4,52.73412698412698
1208,Robert,33,M,Applications,3.03,3.0,8.0,3.0,3,6,3,94.54,B,0.8888888888888888,0.42857142857142855,0.6,0.7,0.625,0.15,60.09920634920635
1209,Robert,33,M,Networking,3.15,20.0,5.0,2.0,4,1,10,76.05,B,0.5555555555555556,0.2857142857142857,0.1,0.0,0.5,1.0,33.82539682539682
1210,Charles,20,M,Artificial Intelligence,3.56,1.0,6.0,3.0,3,1,1,71.7,A-,0.6666666666666666,0.42857142857142855,0.1,0.9,0.625,0.05,48.65476190476191
1211,Linda,18,F,Data Science,2.94,3.0,8.0,0.0,7,2,9,66.09,B-,0.8888888888888888,0.0,0.2,0.09999999999999998,0.125,0.15,26.52777777777778
1212,William,28,M,Data Science,3.03,1.0,7.0,3.0,2,6,1,70.65,B,0.7777777777777778,0.42857142857142855,0.6,0.9,0.75,0.05,62.126984126984134
1213,Charles,34,M,Artificial Intelligence,3.68,14.0,6.0,0.0,5,6,3,60.88,A,0.6666666666666666,0.0,0.6,0.7,0.375,0.7,50.08333333333332
1214,William,25,M,Artificial Intelligence,2.8,1.0,7.0,4.0,0,2,8,83.33,B-,0.7777777777777778,0.5714285714285714,0.2,0.19999999999999996,1.0,0.05,45.48412698412698
1215,William,21,M,Applications,3.37,3.0,6.0,4.0,7,1,3,93.69,B+,0.6666666666666666,0.5714285714285714,0.1,0.7,0.125,0.15,43.511904761904766
1216,Daniel,23,M,Data Science,2.7,5.0,8.0,1.0,4,10,4,80.975,C+,0.8888888888888888,0.14285714285714285,1.0,0.6,0.5,0.25,60.13492063492064
1218,Daniel,20,M,Cybersecurity,2.94,9.0,7.0,1.0,1,5,1,61.35,B-,0.7777777777777778,0.14285714285714285,0.5,0.9,0.875,0.45,59.662698412698425
1219,Joseph,33,M,Cybersecurity,3.31,18.0,9.0,3.0,7,2,6,68.59,B+,1.0,0.42857142857142855,0.2,0.4,0.125,0.9,50.82142857142857
1220,John,20,M,Artificial Intelligence,3.72,12.0,6.0,0.0,5,6,1,76.64,A,0.6666666666666666,0.0,0.6,0.9,0.375,0.6,53.08333333333333
1221,Sarah,35,F,Applications,3.06,21.0,5.0,6.0,6,9,1,90.38,B,0.5555555555555556,0.8571428571428571,0.9,0.9,0.25,1.05,77.25396825396827
1222,Brian,31,M,Cybersecurity,2.1,11.0,4.0,3.0,6,2,8,67.51,D+,0.4444444444444444,0.42857142857142855,0.2,0.19999999999999996,0.25,0.55,33.46031746031746
1224,John,19,M,Artificial Intelligence,4.0,12.0,8.0,3.0,3,2,1,94.68,A,0.8888888888888888,0.42857142857142855,0.2,0.9,0.625,0.6,60.59920634920635
1225,Emily,20,,Networking,3.07,17.0,4.0,3.0,0,3,10,78.16,B,0.4444444444444444,0.42857142857142855,0.3,0.0,1.0,0.85,41.96031746031746
1226,James,33,M,Artificial Intelligence,1.97,7.0,4.0,3.0,6,7,7,92.86,D,0.4444444444444444,0.42857142857142855,0.7,0.30000000000000004,0.25,0.35,43.460317460317455
1227,Alice,26,F,Networking,3.1,12.0,3.0,4.0,1,6,5,82.19,B,0.3333333333333333,0.5714285714285714,0.6,0.5,0.875,0.6,54.84523809523809
1228,William,21,,Artificial Intelligence,3.0,14.0,7.0,3.0,4,8,5,85.48,B,0.7777777777777778,0.42857142857142855,0.8,0.5,0.5,0.7,62.126984126984134
1229,Joseph,18,M,Artificial Intelligence,2.95,0.0,6.0,5.0,4,8,1,81.05,B-,0.6666666666666666,0.7142857142857143,0.8,0.9,0.5,0.0,66.61904761904763
1230,Mary,21,F,Artificial Intelligence,3.57,2.0,4.0,3.0,5,6,10,78.53,A-,0.4444444444444444,0.42857142857142855,0.6,0.0,0.375,0.1,34.21031746031746
1231,Patricia,18,F,Networking,3.83,7.0,3.0,1.0,4,10,6,69.39,A,0.3333333333333333,0.14285714285714285,1.0,0.4,0.5,0.35,46.023809523809526
1232,Daniel,31,M,Networking,3.41,3.0,8.0,4.0,5,3,9,72.13,A-,0.8888888888888888,0.5714285714285714,0.3,0.09999999999999998,0.375,0.15,42.45634920634921
1233,Joseph,33,M,Artificial Intelligence,2.92,15.0,5.0,3.0,7,3,9,71.6,B-,0.5555555555555556,0.42857142857142855,0.3,0.09999999999999998,0.125,0.75,36.43253968253969
1234,Susan,25,F,Cybersecurity,3.68,22.0,9.0,6.0,5,1,8,82.53,A,1.0,0.8571428571428571,0.1,0.19999999999999996,0.375,1.1,57.892857142857146
1235,Mary,24,F,Applications,2.1,9.0,9.0,5.0,7,7,5,64.8,D+,1.0,0.7142857142857143,0.7,0.5,0.125,0.45,64.03571428571428
1236,Emily,20,,Applications,2.57,11.0,6.0,4.0,5,5,1,96.67,C,0.6666666666666666,0.5714285714285714,0.5,0.9,0.375,0.55,62.011904761904766
1237,David,34,M,Applications,2.64,13.0,4.0,2.0,6,4,9,88.83,C+,0.4444444444444444,0.2857142857142857,0.4,0.09999999999999998,0.25,0.65,33.60317460317461
1238,Alice,18,F,Networking,2.98,13.0,9.0,5.0,6,10,1,76.06,B-,1.0,0.7142857142857143,1.0,0.9,0.25,0.65,81.28571428571429
1240,Susan,29,F,Cybersecurity,2.88,22.0,9.0,3.0,7,4,5,80.975,B-,1.0,0.42857142857142855,0.4,0.5,0.125,1.1,58.821428571428584
1241,Emily,31,F,Applications,2.46,4.0,9.0,6.0,2,6,3,92.95,C,1.0,0.8571428571428571,0.6,0.7,0.75,0.2,72.64285714285714
1242,Robert,23,M,Applications,3.58,4.0,6.0,2.0,7,8,7,88.87,A-,0.6666666666666666,0.2857142857142857,0.8,0.30000000000000004,0.125,0.2,44.29761904761905
1243,James,23,M,Artificial Intelligence,2.86,5.0,3.0,3.0,5,8,7,70.86,B-,0.3333333333333333,0.42857142857142855,0.8,0.30000000000000004,0.375,0.25,43.48809523809525
1244,Michael,30,M,Networking,3.06,12.0,4.0,2.0,5,5,9,76.1,B,0.4444444444444444,0.2857142857142857,0.5,0.09999999999999998,0.375,0.6,36.3531746031746
1245,Michael,25,M,Applications,3.33,8.0,7.0,4.0,2,6,7,64.11,B+,0.7777777777777778,0.5714285714285714,0.6,0.30000000000000004,0.75,0.4,56.484126984126995
1246,Joseph,19,M,Cybersecurity,3.02,21.0,4.0,2.0,0,4,3,67.56,B,0.4444444444444444,0.2857142857142857,0.4,0.7,1.0,1.05,57.1031746031746
1247,Karen,18,F,Cybersecurity,3.03,14.0,6.0,1.0,5,9,1,91.32,B,0.6666666666666666,0.14285714285714285,0.9,0.9,0.375,0.7,62.94047619047619
1248,Patricia,32,F,Applications,3.62,13.0,6.0,1.0,3,8,8,80.975,A,0.6666666666666666,0.14285714285714285,0.8,0.19999999999999996,0.625,0.65,48.94047619047619
1249,Alice,18,F,Networking,3.09,23.0,6.0,0.0,4,10,3,83.74,B,0.6666666666666666,0.0,1.0,0.7,0.5,1.15,63.83333333333334
1250,Elizabeth,22,,Cybersecurity,3.52,6.0,8.0,1.0,4,10,8,95.83,A-,0.8888888888888888,0.14285714285714285,1.0,0.19999999999999996,0.5,0.3,52.63492063492063
1251,Patricia,33,F,Artificial Intelligence,3.33,24.0,9.0,5.0,1,1,8,83.33,B+,1.0,0.7142857142857143,0.1,0.19999999999999996,0.875,1.2,61.035714285714285
1252,Susan,21,F,Cybersecurity,4.0,19.0,6.0,2.0,1,2,5,78.68,A,0.6666666666666666,0.2857142857142857,0.2,0.5,0.875,0.95,51.29761904761905
1253,Linda,20,F,Data Science,3.25,1.0,3.0,1.0,4,9,1,73.61,B+,0.3333333333333333,0.14285714285714285,0.9,0.9,0.5,0.05,51.02380952380954
1254,Robert,34,M,Data Science,3.38,6.0,6.0,4.0,4,8,10,97.62,B+,0.6666666666666666,0.5714285714285714,0.8,0.0,0.5,0.3,48.76190476190476
1256,David,29,M,Applications,3.04,16.0,4.0,6.0,3,8,10,80.975,B,0.4444444444444444,0.8571428571428571,0.8,0.0,0.625,0.8,56.28174603174604
1257,James,31,M,Networking,2.62,24.0,6.0,0.0,2,1,5,93.07,C+,0.6666666666666666,0.0,0.1,0.5,0.75,1.2,44.83333333333333
1258,James,23,M,Networking,2.72,24.0,5.0,6.0,1,10,8,65.2,C+,0.5555555555555556,0.8571428571428571,1.0,0.19999999999999996,0.875,1.2,73.00396825396825
1259,William,20,M,Networking,2.72,1.0,7.0,2.0,6,4,9,80.975,C+,0.7777777777777778,0.2857142857142857,0.4,0.09999999999999998,0.25,0.05,34.26984126984127
1260,Mary,26,F,Networking,2.43,2.0,9.0,0.0,6,3,7,80.975,C,1.0,0.0,0.3,0.30000000000000004,0.25,0.1,35.50000000000001
1262,William,34,M,Artificial Intelligence,2.62,4.0,8.0,3.0,6,7,1,96.29,C+,0.8888888888888888,0.42857142857142855,0.7,0.9,0.25,0.2,62.849206349206355
1263,Joseph,31,M,Cybersecurity,3.12,0.0,7.0,0.0,7,4,4,97.72,B,0.7777777777777778,0.0,0.4,0.6,0.125,0.0,36.80555555555556
1264,Robert,20,M,Data Science,2.9,7.0,8.0,3.0,3,7,2,76.9,B-,0.8888888888888888,0.42857142857142855,0.7,0.8,0.625,0.35,66.09920634920636
1265,Susan,18,F,Networking,2.98,11.0,6.0,5.0,4,9,2,75.09,B-,0.6666666666666666,0.7142857142857143,0.9,0.8,0.5,0.55,72.11904761904763
1266,Linda,18,F,Cybersecurity,3.33,23.0,3.0,5.0,5,2,2,97.45,B+,0.3333333333333333,0.7142857142857143,0.2,0.8,0.375,1.15,56.202380952380956
1267,Jennifer,20,F,Data Science,2.67,3.0,4.0,2.0,2,3,4,87.01,C+,0.4444444444444444,0.2857142857142857,0.3,0.6,0.75,0.15,41.6031746031746
1268,Robert,35,M,Applications,3.38,12.0,3.0,6.0,4,5,1,64.64,B+,0.3333333333333333,0.8571428571428571,0.5,0.9,0.5,0.6,62.809523809523824
1269,Mary,27,F,Artificial Intelligence,3.94,22.0,9.0,3.0,4,3,4,80.975,A,1.0,0.42857142857142855,0.3,0.6,0.5,1.1,62.57142857142857
1270,James,20,,Data Science,3.21,14.0,4.0,0.0,0,8,2,82.59,B+,0.4444444444444444,0.0,0.8,0.8,1.0,0.7,57.88888888888889
1271,Michael,25,M,Applications,2.53,10.0,4.0,3.0,7,10,5,97.21,C,0.4444444444444444,0.42857142857142855,1.0,0.5,0.125,0.5,53.710317460317455
1272,Susan,31,F,Data Science,2.63,9.0,3.0,3.0,2,8,3,93.77,C+,0.3333333333333333,0.42857142857142855,0.8,0.7,0.75,0.45,57.238095238095255
1273,Karen,35,F,Artificial Intelligence,2.85,2.0,7.0,6.0,6,8,8,87.03,B-,0.7777777777777778,0.8571428571428571,0.8,0.19999999999999996,0.25,0.1,56.1984126984127
1274,Patricia,32,F,Artificial Intelligence,2.64,21.0,4.0,0.0,5,9,4,65.56,C+,0.4444444444444444,0.0,0.9,0.6,0.375,1.05,53.13888888888889
1275,Charles,19,M,Cybersecurity,2.41,13.0,3.0,3.0,2,4,1,70.17,C,0.3333333333333333,0.42857142857142855,0.4,0.9,0.75,0.65,55.23809523809524
1276,Karen,27,F,Networking,3.09,15.0,4.0,6.0,6,5,1,95.02,B,0.4444444444444444,0.8571428571428571,0.5,0.9,0.25,0.75,64.03174603174604
1277,Linda,19,F,Data Science,2.87,9.0,5.0,3.0,4,5,10,80.975,B-,0.5555555555555556,0.42857142857142855,0.5,0.0,0.5,0.45,39.182539682539684
1278,Patricia,34,F,Data Science,3.11,9.0,6.0,3.0,5,8,3,71.14,B,0.6666666666666666,0.42857142857142855,0.8,0.7,0.375,0.45,60.15476190476191
1279,Robert,25,,Applications,3.71,11.0,6.0,4.0,6,7,9,65.18,A,0.6666666666666666,0.5714285714285714,0.7,0.09999999999999998,0.25,0.55,48.761904761904766
1280,Mary,18,F,Artificial Intelligence,2.86,8.0,4.0,3.0,3,9,7,87.04,B-,0.4444444444444444,0.42857142857142855,0.9,0.30000000000000004,0.625,0.4,51.710317460317455
1281,Patricia,26,,Data Science,2.29,0.0,5.0,3.0,6,8,2,97.76,C-,0.5555555555555556,0.42857142857142855,0.8,0.8,0.25,0.0,54.18253968253969
1282,Emily,28,F,Artificial Intelligence,2.76,4.0,6.0,3.0,0,2,9,70.76,C+,0.6666666666666666,0.42857142857142855,0.2,0.09999999999999998,1.0,0.2,39.90476190476191
1284,Jennifer,24,F,Cybersecurity,3.41,7.0,9.0,6.0,4,4,2,85.37,A-,1.0,0.8571428571428571,0.4,0.8,0.5,0.35,69.64285714285715
1285,James,27,M,Networking,3.31,10.0,4.0,1.0,6,6,3,99.98,B+,0.4444444444444444,0.14285714285714285,0.6,0.7,0.25,0.5,45.24603174603175
1286,Susan,20,F,Data Science,2.63,11.0,3.0,6.0,7,2,10,64.19,C+,0.3333333333333333,0.8571428571428571,0.2,0.0,0.125,0.55,34.55952380952381
1287,Susan,35,F,Artificial Intelligence,3.45,0.0,4.0,4.0,1,7,2,79.94,A-,0.4444444444444444,0.5714285714285714,0.7,0.8,0.875,0.0,59.067460317460316
1288,Jennifer,30,F,Cybersecurity,3.59,24.0,5.0,3.0,1,3,3,75.4,A-,0.5555555555555556,0.42857142857142855,0.3,0.7,0.875,1.2,60.43253968253969
1289,Joseph,24,,Data Science,2.58,21.0,6.0,6.0,7,3,6,94.63,C,0.6666666666666666,0.8571428571428571,0.3,0.4,0.125,1.05,56.22619047619048
1290,David,21,M,Applications,2.98,19.0,4.0,5.0,7,2,9,79.04,B-,0.4444444444444444,0.7142857142857143,0.2,0.09999999999999998,0.125,0.95,39.92460317460318
1292,Elizabeth,18,F,Data Science,2.56,10.0,9.0,2.0,3,6,7,85.38,C,1.0,0.2857142857142857,0.6,0.30000000000000004,0.625,0.5,54.96428571428572
1293,Jennifer,25,F,Cybersecurity,1.98,4.0,4.0,6.0,4,1,3,90.83,D,0.4444444444444444,0.8571428571428571,0.1,0.7,0.5,0.2,49.03174603174603
1295,Mary,33,F,Cybersecurity,3.68,4.0,6.0,3.0,0,7,6,94.36,A,0.6666666666666666,0.42857142857142855,0.7,0.4,1.0,0.2,55.90476190476191
1296,Emily,31,F,Cybersecurity,2.73,11.0,3.0,5.0,3,8,5,67.44,C+,0.3333333333333333,0.7142857142857143,0.8,0.5,0.625,0.55,58.70238095238096
1297,William,29,M,Applications,2.93,4.0,5.0,5.0,7,5,2,82.08,B-,0.5555555555555556,0.7142857142857143,0.5,0.8,0.125,0.2,54.646825396825406
1299,Sarah,19,F,Applications,3.05,16.0,4.0,4.0,7,4,3,88.79,B,0.4444444444444444,0.5714285714285714,0.4,0.7,0.125,0.8,51.56746031746032
1300,Joseph,19,M,Data Science,3.7,23.0,3.0,4.0,7,6,8,74.85,A,0.3333333333333333,0.5714285714285714,0.6,0.19999999999999996,0.125,1.15,46.845238095238095
